solar,greenhouse,pollution,carbon footprint,emissions,epa,vacation,airline,turbine,hurricane storm,sanction
CNET,THE NEW YORK TIMES,THE GUARDIAN,NPR,THE GUARDIAN,THE HILL,USA TODAY,CNN,MINT,TAMPA BAY TIMES,THE MOSCOW TIMES
MINT,NPR,THE NEW INDIAN EXPRESS,THE GUARDIAN,THE NEW YORK TIMES,NPR,THE NEW YORK TIMES,THE DALLAS MORNING NEWS,NPR,CBS NEWS,TEHRAN TIMES
NBC NEWS,THE HILL,MINT,THE INDEPENDENT,THE INDEPENDENT,POLITICO,CNN,USA TODAY,THE NEW YORK TIMES,NBC NEWS,THE HERALD
NPR,THE INDEPENDENT,THE HINDU,THE STRAITS TIMES,NPR,LIBERIAN DAILY OBSERVER,NEW YORK DAILY NEWS,CBS NEWS,THE GUARDIAN,NEWSWEEK,VEDOMOSTI
CNN,THE GUARDIAN,THE TRIBUNE,FORBES,THE SYDNEY MORNING HERALD,CNET,NBC NEWS,MINT,FORBES,CNN,CNN
DAILY EXPRESS,NBC NEWS,DNA - DAILY NEWS & ANALYSIS,CBS NEWS,THE HILL,CNN,CBS NEWS,NBC NEWS,THE INDEPENDENT,NPR,THE GUARDIAN
THE EDGE MARKETS MY,TODAY,NPR,THE DAILY TELEGRAPH UK,TODAY,THE NEW YORK TIMES,DNA - DAILY NEWS & ANALYSIS,THE STRAITS TIMES,THE OREGONIAN,USA TODAY,NEW ZIMBABWE
FORBES,THE STRAITS TIMES,THE INDEPENDENT,MINT,THE STRAITS TIMES,NBC NEWS,THE INDIAN EXPRESS,NEW STRAITS TIMES ONLINE,CNET,THE MIAMI HERALD,NEWSWEEK
NEWSWEEK,THE GLOBE AND MAIL,THE INDIAN EXPRESS,THE TIMES,MINT,ARAB TIMES,NPR,THE EDGE MARKETS MY,NEWSWEEK,THE NEW YORK TIMES,TODAY
THE HINDU,THE SYDNEY MORNING HERALD,THE HINDUSTAN TIMES,LE FIGARO,THE AUSTRALIAN,CBS NEWS,LA REPUBBLICA,THE INDEPENDENT,NBC NEWS,CHRON,THE HILL
CBS NEWS,CNN,NEW STRAITS TIMES ONLINE,THE NEW INDIAN EXPRESS,FORBES,NEWSWEEK,NEW YORK POST,THE JAKARTA POST,THE SAN DIEGO UNION-TRIBUNE,NEW YORK DAILY NEWS,POLITICO
THE GUARDIAN,LA REPUBBLICA,THE HANS INDIA,THE NEW YORK TIMES,CBS NEWS,THE INTERCEPT - FIRST LOOK MEDIA,THE BOSTON GLOBE,THE GUARDIAN,CHRON,THE POST AND COURIER,NPR
THE NEW INDIAN EXPRESS,FORBES,CNN,CNN,THE CANBERRA TIMES,WASHINGTON TIMES,CHRON,THIS DAY,CNN,DAILY EXPRESS,THE STAR ONLINE
THE STRAITS TIMES,CBS NEWS,LA REPUBBLICA,NBC NEWS,CNN,THE WASHINGTON POST,THE NEW YORK OBSERVER,THE NEW YORK TIMES,THE AUSTRALIAN,THE NEWS & OBSERVER,THE STRAITS TIMES
DNA - DAILY NEWS & ANALYSIS,NEWSWEEK,THE ASIAN AGE,THE EDGE MARKETS MY,THE GLOBE AND MAIL,HERALD SUN,THE OREGONIAN,THE NEW ZEALAND HERALD,CBS NEWS,ORLANDO SENTINEL,NEZAVISIMAYA GAZETA
THE INDIAN EXPRESS,THE BOSTON GLOBE,THE STRAITS TIMES,THE HINDU,FORTUNE,METRO,NEWSWEEK,NPR,VEDOMOSTI,THE WASHINGTON POST,CBS NEWS
THE INDEPENDENT,TORONTO STAR,THE JAKARTA POST,THE NEW ZEALAND HERALD,LA REPUBBLICA,CHICAGO TRIBUNE,THE SAN DIEGO UNION-TRIBUNE,FORTUNE,THE DAILY TELEGRAPH UK,JAMAICA GLEANER,MINT
THE NEW YORK TIMES,THE NEW ZEALAND HERALD,CBS NEWS,CNET,CNET,THE GUARDIAN,MOSKOVSKIY KOMSOMOLETS,THE STAR ONLINE,THE DES MOINES REGISTER,THE ADVOCATE,DAILY SABAH
THE CHRISTIAN SCIENCE MONITOR,JAMAICA GLEANER,THE TELEGRAPH,INDEPENDENT ONLINE,LE MONDE,LOS ANGELES TIMES,FORBES,NEWSWEEK,THE MERCURY,THE ATLANTA JOURNAL-CONSTITUTION,LE MONDE
THE HANS INDIA,MINT,LE MONDE,THE GLOBE AND MAIL,THE NEW ZEALAND HERALD,CHRON,DIE WELT,FORBES,TIMES UNION,THE INDEPENDENT,NBC NEWS
THE SYDNEY MORNING HERALD,POLITICO,THE NEW YORK TIMES,THE JAKARTA POST,THE WEST AUSTRALIAN,CHICAGO SUN-TIMES,VECHERNAYA MOSKVA,THE AUSTRALIAN,DIE WELT,THE PALM BEACH POST,THE INDEPENDENT
FORTUNE,THE OREGONIAN,NBC NEWS,THE NEW PAPER,NBC NEWS,THE STRAITS TIMES,BOSTON.COM,NEW YORK POST,DIE ZEIT,FOX NEWS,THE NEW INDIAN EXPRESS
NEW STRAITS TIMES ONLINE,THE WEST AUSTRALIAN,DECCAN HERALD,BANGOR DAILY NEWS,THE JAKARTA POST,THE DENVER POST,BILD,TODAY,LE MONDE,SOUTH FLORIDA SUN-SENTINEL,THE NEW YORK TIMES
THE HERALD,CHRON,THE STAR ONLINE,DECCAN HERALD,THE DAILY TELEGRAPH UK,THE GEELONG ADVERTISER,THE DAILY MAIL,NEW YORK DAILY NEWS,SPORT EXPRESS,THE STATE,WASHINGTON TIMES
LA REPUBBLICA,THE SACRAMENTO BEE,NEWSWEEK,FORTUNE,NEWSWEEK,NEW YORK POST,CHICAGO DAILY HERALD,THE GLOBE AND MAIL,THE EDGE MARKETS MY,THE HILL,THE PUNCH
THE TRIBUNE,SAN FRANCISCO CHRONICLE,BANGKOK POST,LE MONDE,DIE ZEIT,FORBES,THE ATLANTA JOURNAL-CONSTITUTION,BANGKOK POST,THE EXAMINER,FORTUNE,THE GLOBE AND MAIL
THE WEST AUSTRALIAN,THE SAN DIEGO UNION-TRIBUNE,THE DAILY TELEGRAPH UK,NEWSWEEK,THE HINDU,SAN FRANCISCO CHRONICLE,THE GLOBE AND MAIL,FORT WORTH STAR-TELEGRAM,THE GLOBE AND MAIL,THE BOSTON GLOBE,VANGUARD
THE NEW TIMES,CHICAGO TRIBUNE,THE PIONEER,OTAGO DAILY TIMES,THE CHRISTIAN SCIENCE MONITOR,THE CHRISTIAN SCIENCE MONITOR,THE NEW INDIAN EXPRESS,THE SYDNEY MORNING HERALD,BANGOR DAILY NEWS,NEW YORK POST,LA REPUBBLICA
NEW VISION,OTAGO DAILY TIMES,THE THAIGER,THE KOREA HERALD,TORONTO STAR,THE ADVERTISER,THE GUARDIAN,DAWN,BBC NEWS,THE CHARLOTTE OBSERVER,THE HANS INDIA
THE AUSTRALIAN,THE JAKARTA POST,THE HILL,THE PIONEER,DECCAN HERALD,THE WEST AUSTRALIAN,DIE ZEIT,CHRON,THE BOSTON GLOBE,THE GUARDIAN,THIS DAY
THE BORNEO POST,LE MONDE,THE NATION THAILAND,TODAY,DAILY EXPRESS,USA TODAY,TAMPA BAY TIMES,DAILY EXPRESS,THE DALLAS MORNING NEWS,ABC NEWS,DIE ZEIT
THE BUFFALO NEWS,WASHINGTON TIMES,THE BORNEO POST,BBC NEWS,PERTHNOW,THE DES MOINES REGISTER,THE ASIAN AGE,INDEPENDENT ONLINE,THE NEW INDIAN EXPRESS,TODAY,JAMAICA GLEANER
THE STAR ONLINE,NATIONAL REVIEW,THE SIASAT DAILY,DAILY EXPRESS,BBC NEWS,THE NEW TIMES,CHICAGO TRIBUNE,VEDOMOSTI,THE HINDU,BOSTON.COM,NATIONAL REVIEW
THE OREGONIAN,USA TODAY,DAWN,JAMAICA GLEANER,LE FIGARO,NATIONAL REVIEW,POLITICO,CHICAGO TRIBUNE,THE STAR ONLINE,THE PATRIOT-NEWS,THE HINDU
THE JAKARTA POST,THE DAILY TELEGRAPH UK,NEW VISION,METRO,OTAGO DAILY TIMES,NEW YORK DAILY NEWS,ABC,DAILY SABAH,OTAGO DAILY TIMES,POLITICO,THE STANDARD - HONGKONG
THE SAN DIEGO UNION-TRIBUNE,THE NEW TIMES,SHANGHAI DAILY,NEW YORK DAILY NEWS,POLITICO,THE SAN DIEGO UNION-TRIBUNE,MINT,THE DAILY TELEGRAPH UK,THE NEW ZEALAND HERALD,CHICAGO DAILY HERALD,NEW VISION
THIS DAY,WINNIPEG FREE PRESS,THE STATESMAN,SAN FRANCISCO CHRONICLE,CHRON,TODAY,THE HANS INDIA,THE ATLANTA JOURNAL-CONSTITUTION,THE STRAITS TIMES,TORONTO STAR,DAILY EXPRESS
THE STANDARD,ANCHORAGE DAILY NEWS,INDEPENDENT ONLINE,TAMPA BAY TIMES,THE HINDUSTAN TIMES,WEBMD,THE JAKARTA POST,THE EASTAFRICAN,THE WEEKLY TIMES,RICHMOND TIMES-DISPATCH,DECCAN HERALD
DECCAN HERALD,NEW VISION,THE NEW TIMES,THE ADVERTISER,THE STAR ONLINE,ANCHORAGE DAILY NEWS,VANGUARD,DNA - DAILY NEWS & ANALYSIS,ANCHORAGE DAILY NEWS,FORBES,KYIV POST
ABC,PITTSBURGH POST-GAZETTE,THE OREGONIAN,THE HILL,THE KOREA HERALD,ST. LOUIS POST-DISPATCH,THE HINDUSTAN TIMES,THE WEST AUSTRALIAN,LA REPUBBLICA,THE CHRISTIAN SCIENCE MONITOR,BANGKOK POST
USA TODAY,TEHRAN TIMES,DECCAN CHRONICLE,THE HINDUSTAN TIMES,THE EDGE MARKETS MY,THE AGE,CHONGQING CHEN BAO,THE HILL,RICHMOND TIMES-DISPATCH,DAYTON DAILY NEWS,THE DAILY TELEGRAPH UK
DAWN,CHICAGO DAILY HERALD,FORBES,THE SACRAMENTO BEE,DIE WELT,THE INDEPENDENT,CNET,THE INDIAN EXPRESS,THE DENVER POST,THE PHILADELPHIA INQUIRER,THE EASTAFRICAN
TAMPA BAY TIMES,LOS ANGELES TIMES,THE SYDNEY MORNING HERALD,THE STAR ONLINE,SAN FRANCISCO CHRONICLE,THE DETROIT NEWS,TORONTO STAR,ANCHORAGE DAILY NEWS,THE GEELONG ADVERTISER,BBC NEWS,THE TRIBUNE
VANGUARD,STAR TRIBUNE,THE TIMES,THE STATESMAN,THE AGE,THE SACRAMENTO BEE,THIS DAY,TORONTO STAR,THE LOCAL DENMARK,HUFFPOST,VENEZUELANALYSIS
CHICAGO DAILY HERALD,THE CHRISTIAN SCIENCE MONITOR,THE SAN DIEGO UNION-TRIBUNE,THE TRIBUNE,WASHINGTON TIMES,FOX NEWS,SAN FRANCISCO CHRONICLE,KHALEEJ TIMES,THE TIMES,PERTHNOW,THE EDGE MARKETS MY
CHRON,THE WASHINGTON POST,DAILY EXCELSIOR,THE WEEKLY TIMES,THE OREGONIAN,THE BLADE,LE FIGARO,THE BORNEO POST,THE WEST AUSTRALIAN,SARASOTA HERALD-TRIBUNE,MOSKOVSKIY KOMSOMOLETS
THE ADVERTISER,DAILY EXPRESS,THE NEW ZEALAND HERALD,THE WEST AUSTRALIAN,THE PEOPLE'S DAILY,DAYTON DAILY NEWS,HAIXIA DUSHI BAO,VANGUARD,THIS DAY,THE DALLAS MORNING NEWS,THE AUSTRALIAN
ARIZONA DAILY STAR,DAILY SABAH,TODAY,THIS DAY,THE SACRAMENTO BEE,FORTUNE,THE PEOPLE'S DAILY,FOX NEWS,USA TODAY,LOS ANGELES TIMES,THE SIASAT DAILY
BANGKOK POST,DECCAN HERALD,THE SACRAMENTO BEE,BANGKOK POST,INDEPENDENT ONLINE,THE ATLANTA JOURNAL-CONSTITUTION,WASHINGTON TIMES,SHANGHAI DAILY,WASHINGTON TIMES,MEXICO NEWS DAILY,BBC NEWS
THE CANBERRA TIMES,DIE ZEIT,THE SENTINEL,CBS NEW YORK,USA TODAY,THE BOSTON GLOBE,THE PUNCH,TAMPA BAY TIMES,FORTUNE,THE GLOBE AND MAIL,TORONTO STAR
THE HINDUSTAN TIMES,HEBEI DAILY,DAILY SABAH,CHINA DAILY,DAILY SABAH,DETROIT FREE PRESS,THE HINDU,THE NEW INDIAN EXPRESS,NEW STRAITS TIMES ONLINE,THE NEW ZEALAND HERALD,THE GUARDIAN NIGERIA
DAILY EXCELSIOR,LE FIGARO,THE CHRISTIAN SCIENCE MONITOR,CHRON,THE WASHINGTON POST,PITTSBURGH POST-GAZETTE,FOX NEWS,THE STANDARD,THE BLADE,THE STRAITS TIMES,THE KOREA HERALD
LEXINGTON HERALD-LEADER,THE WEEKLY TIMES,THE EDGE MARKETS MY,DAILY SABAH,THIS DAY,THE EASTAFRICAN,LE MONDE,THE SUN UK,THE BUFFALO NEWS,WASHINGTON TIMES,THE WEST AUSTRALIAN
THE NEW ZEALAND HERALD,CALGARY HERALD,BBC NEWS,DAWN,THE ATLANTA JOURNAL-CONSTITUTION,THE MERCURY,THE TELEGRAPH,JAMAICA GLEANER,THE MOSCOW TIMES,DECCAN HERALD,THE SAN DIEGO UNION-TRIBUNE
THE GLOBE AND MAIL,FORTUNE,CHRON,DIE WELT,THE BOSTON GLOBE,THE OREGONIAN,THE TRIBUNE,THE PUNCH,THE SYDNEY MORNING HERALD,THE DAILY TELEGRAPH UK,CHINA DAILY
NAMIBIAN,THE CANBERRA TIMES,DAILY EXPRESS,DNA - DAILY NEWS & ANALYSIS,THE NEW INDIAN EXPRESS,ARIZONA DAILY STAR,THE DALLAS MORNING NEWS,NEW VISION,THE TELEGRAPH,THE SUN UK,PERTHNOW
THE SENTINEL,THE EDGE MARKETS MY,CHICAGO TRIBUNE,FOX NEWS,THE TIMES,HIGH POINT ENTERPRISE,THE INDEPENDENT,THE ARIZONA REPUBLIC,TORONTO STAR,THE WEST AUSTRALIAN,THE WASHINGTON POST
THE WASHINGTON POST,THE INDIAN EXPRESS,USA TODAY,KHALEEJ TIMES,LOS ANGELES TIMES,OMAHA WORLD-HERALD,SUN STAR,ARAB TIMES,BANGKOK POST,ANCHORAGE DAILY NEWS,THE HINDUSTAN TIMES
THE BOSTON GLOBE,THE KOREA HERALD,JAMAICA GLEANER,MAIL & GUARDIAN ONLINE,THE INDIAN EXPRESS,THE NEW PAPER,THE HILL,THE SEATTLE TIMES,BILD,METRO,THE INDIAN EXPRESS
THE KOREA HERALD,BOSTON.COM,THE GLOBE AND MAIL,MASS LIVE,DNA - DAILY NEWS & ANALYSIS,THE SYDNEY MORNING HERALD,ARGUMENTI I FAKTI,PERTHNOW,CHICAGO TRIBUNE,THE SACRAMENTO BEE,THE SYDNEY MORNING HERALD
JAMAICA GLEANER,INDEPENDENT ONLINE,TEHRAN TIMES,NATIONAL REVIEW,NATIONAL REVIEW,THE WICHITA EAGLE,NEW STRAITS TIMES ONLINE,THE SAN DIEGO UNION-TRIBUNE,DAILY SABAH,CNET,THE JAKARTA POST
SAN FRANCISCO CHRONICLE,NEW STRAITS TIMES ONLINE,TAMPA BAY TIMES,NEZAVISIMAYA GAZETA,NEW VISION,LEXINGTON HERALD-LEADER,THE STRAITS TIMES,THE BOSTON GLOBE,DNA - DAILY NEWS & ANALYSIS,DAILY SABAH,THE CANBERRA TIMES
THE PEOPLE'S DAILY,SHANGHAI DAILY,MAIL & GUARDIAN ONLINE,PHILIPPINE STAR,THE SAN DIEGO UNION-TRIBUNE,THE DAILY TELEGRAPH AUSTRALIA,THE MIAMI HERALD,BOSTON.COM,LE FIGARO,EXPRESS-NEWS,DAWN
THE POST AND COURIER,THE AUSTRALIAN,TORONTO STAR,THE AUSTRALIAN,MAIL & GUARDIAN ONLINE,THE DALLAS MORNING NEWS,THE NATION,OTAGO DAILY TIMES,METRO,THE CANBERRA TIMES,FORTUNE
HERALD SUN,THE HINDU,CNET,THE BORNEO POST,THE TRIBUNE,THE POST AND COURIER,THE SACRAMENTO BEE,CHICAGO DAILY HERALD,NATIONAL REVIEW,THE TENNESSEAN,PRAVDA.RU
INDEPENDENT ONLINE,THE NEWS & OBSERVER,LE FIGARO,THE CANBERRA TIMES,CHICAGO TRIBUNE,THE SEATTLE TIMES,VEDOMOSTI,BBC NEWS,OMAHA WORLD-HERALD,CBS NEW YORK,IZVESTIA
LAS VEGAS SUN,THE PEOPLE'S DAILY,PITTSBURGH POST-GAZETTE,THE CHRISTIAN SCIENCE MONITOR,THE DETROIT NEWS,TIMES UNION,JAMAICA GLEANER,THE WASHINGTON POST,SEATTLE POST-INTELLIGENCER,CHICAGO TRIBUNE,LE FIGARO
METRO,THE STANDARD,THE KOREA HERALD,THE DALLAS MORNING NEWS,THE STATESMAN,CHICAGO DAILY HERALD,OMAHA WORLD-HERALD,DAILY MIRROR,THE DETROIT NEWS,LE MONDE,DAILY SUN
NEW YORK POST,THE STAR ONLINE,THE PEOPLE'S DAILY,THE DETROIT NEWS,BANGKOK POST,TAMPA BAY TIMES,FORTUNE,THE STANDARD - HONGKONG,THE HILL,AUSTIN AMERICAN-STATESMAN,DAILY EXCELSIOR
EGYPT TODAY,THE VANCOUVER SUN,THE STANDARD,THE HANS INDIA,CHICAGO DAILY HERALD,THE CHARLOTTE OBSERVER,SAN JOSE MERCURY NEWS,POLITICO,THE INDIANAPOLIS STAR,DAWN,FOX NEWS
MASS LIVE,ABC,THIS DAY,THE INDIAN EXPRESS,JAMAICA GLEANER,THE COURIER-JOURNAL,THE PHILADELPHIA INQUIRER,THE SACRAMENTO BEE,THE JAKARTA POST,FORT WORTH STAR-TELEGRAM,NEW STRAITS TIMES ONLINE
NEW ZIMBABWE,ARIZONA DAILY STAR,VANGUARD,THE MORUNG EXPRESS,SHANGHAI DAILY,THE DAILY TELEGRAPH UK,DECCAN CHRONICLE,THE CANBERRA TIMES,THE KOREA HERALD,NEWSDAY,DNA - DAILY NEWS & ANALYSIS
RICHMOND TIMES-DISPATCH,CNET,WEBMD,THE OREGONIAN,THE SEATTLE TIMES,THE NEWS & OBSERVER,PHILIPPINE STAR,THE TELEGRAPH,THE SEATTLE TIMES,THE DENVER POST,EGYPT TODAY
THE ASIAN AGE,NEW YORK POST,STAR TRIBUNE,THE POST AND COURIER,INDAILY,MILWAUKEE JOURNAL SENTINEL,SEATTLE POST-INTELLIGENCER,NIGERIAN TRIBUNE,THE WASHINGTON POST,THE INDIAN EXPRESS,THE NATION
LOS ANGELES TIMES,THE AGE,THE DENVER POST,THE SEATTLE TIMES,THE WEEKLY TIMES,STAR TRIBUNE,THE STAR ONLINE,THE KOREA HERALD,AUSTIN AMERICAN-STATESMAN,THE SAN DIEGO UNION-TRIBUNE,THE NEW TIMES
THE ATLANTA JOURNAL-CONSTITUTION,THE DALLAS MORNING NEWS,CHICAGO SUN-TIMES,THE SENTINEL,NEW STRAITS TIMES ONLINE,THE BUFFALO NEWS,ORLANDO SENTINEL,KYIV POST,CALGARY HERALD,THE TIMES,THE ASIAN AGE
THE NATION,BANGKOK POST,OTAGO DAILY TIMES,THE TELEGRAPH,THE ASIAN AGE,THE EXAMINER,THE SIASAT DAILY,THE MIAMI HERALD,CHICAGO DAILY HERALD,DIE ZEIT,ABC NEWS
DAILY SABAH,DAWN,POLITICO,ABC NEWS,THE HANS INDIA,THE PLAIN DEALER,THE WASHINGTON POST,DECCAN HERALD,EGYPT TODAY,SAN JOSE MERCURY NEWS,THE TIMES
THE DAILY TELEGRAPH UK,METRO,LOS ANGELES TIMES,CALGARY HERALD,WINNIPEG FREE PRESS,BANGOR DAILY NEWS,TORONTO SUN,THE OREGONIAN,INDEPENDENT ONLINE,THE STAR ONLINE,VECHERNAYA MOSKVA
THE STATESMAN,NEWSDAY,METRO,CBS SAN FRANCISCO,CALGARY HERALD,DAWN,STAR TRIBUNE,DAILY SUN,JAMAICA GLEANER,THE SYDNEY MORNING HERALD,DAILY MONITOR
LAS VEGAS REVIEW-JOURNAL,TAIYUAN DAILY,SAN FRANCISCO CHRONICLE,CHICAGO DAILY HERALD,THE DENVER POST,THE COLUMBUS DISPATCH,THE SUN UK,SUN STAR,NAMIBIAN,MASS LIVE,THE SENTINEL
THE NATION THAILAND,THE DENVER POST,THE NEWS TODAY,CHICAGO TRIBUNE,ABC,THE INDIANAPOLIS STAR,CHICAGO SUN-TIMES,WASHINGTON TIMES,NEW YORK DAILY NEWS,NATIONAL POST,CHRON
THE SUN UK,THE HERALD,WORLD HEALTH ORGANIZATION,DAILY EXCELSIOR,PITTSBURGH POST-GAZETTE,THE PATRIOT-NEWS,THE GUARDIAN NIGERIA,THE NEW TIMES,SAN FRANCISCO CHRONICLE,NEW STRAITS TIMES ONLINE,DIE WELT
THE TELEGRAPH,THE HINDUSTAN TIMES,PATTAYA MAIL,DETROIT FREE PRESS,THE NEW TIMES,THE PHILADELPHIA INQUIRER,CALGARY HERALD,THE HINDU,STAR TRIBUNE,OTAGO DAILY TIMES,ARAB TIMES
THE TENNESSEAN,THE NATION THAILAND,THE BOSTON GLOBE,HIGH POINT ENTERPRISE,THE SIASAT DAILY,THE SPOKESMAN-REVIEW,INDEPENDENT ONLINE,THE SIASAT DAILY,TAMPA BAY TIMES,THE ASIAN AGE,NIGERIAN TRIBUNE
THE HILL,THE PHILADELPHIA INQUIRER,CHICAGO DAILY HERALD,LA REPUBBLICA,THE VANCOUVER SUN,TORONTO STAR,LAS VEGAS REVIEW-JOURNAL,LA REPUBBLICA,TEHRAN TIMES,THE RECORD,THE ATLANTA JOURNAL-CONSTITUTION
THE PIONEER,THIS DAY,CITIZEN,LOS ANGELES DAILY NEWS,DAWN,FORT WORTH STAR-TELEGRAM,PITTSBURGH POST-GAZETTE,THE HINDUSTAN TIMES,THE CANBERRA TIMES,ARIZONA DAILY STAR,THE STATESMAN
THE SIASAT DAILY,VEDOMOSTI,NEW YORK DAILY NEWS,MANILA BULLETIN,NEW YORK DAILY NEWS,INDAILY,THE PATRIOT-NEWS,THE NEW PAPER,THE CHRISTIAN SCIENCE MONITOR,BANGOR DAILY NEWS,ARGUMENTI I FAKTI
CHICAGO TRIBUNE,BBC NEWS,THE DAILY TELEGRAPH AUSTRALIA,MOROCCO WORLD NEWS,THE LOCAL SWEDEN,LAS VEGAS REVIEW-JOURNAL,THE STATESMAN,DOMINICAN TODAY,THE SUN UK,DECCAN CHRONICLE,FORBES
LEADERSHIP NEWSPAPER,CHONGQING CHEN BAO,HERALD SUN,NEW STRAITS TIMES ONLINE,CHINA DAILY,THE MIAMI HERALD,BOSTON HERALD,JAPAN TODAY,TRIBUNE-REVIEW,MINT,LOS ANGELES TIMES
NEW ERA,MOSKOVSKIY KOMSOMOLETS,ST. PAUL PIONEER PRESS,NEW VISION,THE HERALD,THE RECORD,LOS ANGELES TIMES,METRO,VANGUARD,NEW VISION,CITIZEN
NIGERIAN TRIBUNE,NATION,THE GUARDIAN NIGERIA,NEW YORK POST,THE PHILADELPHIA INQUIRER,THE TENNESSEAN,MASS LIVE,DAILY MONITOR,ARIZONA DAILY STAR,THE AUSTRALIAN,LEADERSHIP NEWSPAPER
STAR TRIBUNE,OTTAWA CITIZEN,TIMES UNION,PERTHNOW,CHICAGO SUN-TIMES,THE WEEKLY TIMES,ROSSIYSKAYA GAZETA,CHICAGO SUN-TIMES,BOSTON.COM,THE BUFFALO NEWS,NEW YORK POST
TODAY,TAMPA BAY TIMES,WASHINGTON TIMES,PITTSBURGH POST-GAZETTE,MASS LIVE,TRIBUNE-REVIEW,THE ARIZONA REPUBLIC,CNET,CHINA DAILY,THE COURIER-JOURNAL,SHANGHAI DAILY
MANILA BULLETIN,THE BALTIMORE SUN,THE MOSCOW TIMES,PORTLAND PRESS HERALD,METRO,ABC NEWS,THE VANCOUVER SUN,THE DENVER POST,FOX NEWS,THE NEW INDIAN EXPRESS,THE CHRISTIAN SCIENCE MONITOR
MOROCCO WORLD NEWS,THE DES MOINES REGISTER,ANCHORAGE DAILY NEWS,ROSSIYSKAYA GAZETA,NEW YORK POST,CBS NEW YORK,WINNIPEG FREE PRESS,THE ASIAN AGE,HERALD SUN,THE PIONEER,THE MORUNG EXPRESS
OTAGO DAILY TIMES,LEXINGTON HERALD-LEADER,DIE WELT,SEATTLE POST-INTELLIGENCER,TAMPA BAY TIMES,HUFFPOST,ARAB TIMES,THE MOSCOW TIMES,INDAILY,THIS DAY,USA TODAY
SUN STAR,LIBERIAN DAILY OBSERVER,THE INTERCEPT - FIRST LOOK MEDIA,SOUTH FLORIDA SUN-SENTINEL,THE DAILY TELEGRAPH AUSTRALIA,LAS VEGAS SUN,DAWN,LOS ANGELES TIMES,KYIV POST,BANGKOK POST,INDEPENDENT ONLINE
THE SACRAMENTO BEE,LUOYANG DAILY,THE STATE,STAR TRIBUNE,THE NEWS & OBSERVER,NEW STRAITS TIMES ONLINE,THE HOLLYWOOD REPORTER,SOWETAN,LOS ANGELES TIMES,CONTRA COSTA TIMES,CHICAGO DAILY HERALD
TORONTO STAR,NEZAVISIMAYA GAZETA,THE WASHINGTON POST,SUN STAR,THE PIONEER,ST. PAUL PIONEER PRESS,THE NEW PAPER,CITIZEN,MAIL & GUARDIAN ONLINE,DIE WELT,DECCAN CHRONICLE
DAILY MONITOR,OMAHA WORLD-HERALD,ARAB TIMES,THE ASIAN AGE,BANGOR DAILY NEWS,THE ADVOCATE,THE PIONEER,THE GUARDIAN NIGERIA,MASS LIVE,DOMINICAN TODAY,MARCA
LE MONDE,PERTHNOW,MEXICO NEWS DAILY,THE BALTIMORE SUN,THE DALLAS MORNING NEWS,THE AUSTRALIAN,ANCHORAGE DAILY NEWS,SEATTLE POST-INTELLIGENCER,MEXICO NEWS DAILY,THE ARIZONA REPUBLIC,THE MIAMI HERALD
MOSKOVSKIY KOMSOMOLETS,PORTLAND PRESS HERALD,THE MORUNG EXPRESS,THE BLADE,THE GEELONG ADVERTISER,THE BALTIMORE SUN,CBS NEW YORK,ABC NEWS,MILWAUKEE JOURNAL SENTINEL,THE CINCINNATI ENQUIRER,ROSSIYSKAYA GAZETA
PITTSBURGH POST-GAZETTE,THE ADVOCATE,THE POST AND COURIER,THE BOSTON GLOBE,THE TELEGRAPH,THE CANBERRA TIMES,DAILY SABAH,DAILY EXPRESS MY,MOROCCO WORLD NEWS,THE DAILY TELEGRAPH AUSTRALIA,THE BOSTON GLOBE
THE COURIER-JOURNAL,THE BLADE,THE CANBERRA TIMES,THE CINCINNATI ENQUIRER,ABC NEWS,ABC,DAILY SUN,THE NATION,NEWSDAY,THE NEW YORK OBSERVER,THE TELEGRAPH
THE DALLAS MORNING NEWS,THE NEW PAPER,THE EASTAFRICAN,THE COURIER-JOURNAL,ANCHORAGE DAILY NEWS,CBS SAN FRANCISCO,NEWSDAY,THE THAIGER,PERTHNOW,THE ORANGE COUNTY REGISTER,LEXINGTON HERALD-LEADER
THE DENVER POST,THE SEATTLE TIMES,FORTUNE,THE DAILY TELEGRAPH AUSTRALIA,DAILY EXCELSIOR,CITIZEN,THE KANSAS CITY STAR,TOTAL CROATIA NEWS,POLITICO,THE PLAIN DEALER,THE STANDARD
THE GEELONG ADVERTISER,THE SIASAT DAILY,NEW YORK POST,THE EASTAFRICAN,ST. LOUIS POST-DISPATCH,EXPRESS-NEWS,THE ORANGE COUNTY REGISTER,HERALD SUN,SAN JOSE MERCURY NEWS,BILD,THE INTERCEPT - FIRST LOOK MEDIA
THE MIAMI HERALD,THE TIMES,PHILIPPINE STAR,THE INDIANAPOLIS STAR,STAR TRIBUNE,LE MONDE,ARIZONA DAILY STAR,LAS VEGAS REVIEW-JOURNAL,ST. LOUIS POST-DISPATCH,BOSTON HERALD,THE SACRAMENTO BEE
THE PUNCH,THE WICHITA EAGLE,SUN STAR,THE LOCAL SWEDEN,THE COURIER-MAIL,MASS LIVE,DAILY EXCELSIOR,SAN FRANCISCO CHRONICLE,THE AGE,CBS SAN FRANCISCO,CNET
BANGOR DAILY NEWS,TORONTO SUN,THE ATLANTA JOURNAL-CONSTITUTION,THE LOCAL SWITZERLAND,THE EXAMINER,NORTHERN TERRITORY NEWS,DECCAN HERALD,NAMIBIAN,THE ATLANTA JOURNAL-CONSTITUTION,MOSKOVSKIY KOMSOMOLETS,SOWETAN
FOX NEWS,TRIBUNE-REVIEW,VEDOMOSTI,THE MANILA TIMES,THE MERCURY,PERTHNOW,HEBEI DAILY,THE ADVOCATE,THE CHARLOTTE OBSERVER,SAN FRANCISCO CHRONICLE,ST. LOUIS POST-DISPATCH
NORTHERN TERRITORY NEWS,CBS SAN FRANCISCO,DAILY EXPRESS MY,THE NATION THAILAND,THE MOSCOW TIMES,PORTLAND PRESS HERALD,NATIONAL REVIEW,SAUDI GAZETTE,THE PEOPLE'S DAILY,SHANGHAI DAILY,THE PIONEER
ORLANDO SENTINEL,DAILY TRUST,NIGERIAN TRIBUNE,THE PATRIOT-NEWS,THE ORANGE COUNTY REGISTER,ROSSIYSKAYA GAZETA,NIGERIAN TRIBUNE,NEW ZIMBABWE,THE POST AND COURIER,ST. LOUIS POST-DISPATCH,THE RIO TIMES
THE COURIER-MAIL,DIE WELT,THE MERCURY,THE PHILADELPHIA INQUIRER,THE SUN UK,SALT LAKE TRIBUNE,ST. LOUIS POST-DISPATCH,CHONGQING CHEN BAO,THE STANDARD - HONGKONG,THE BALTIMORE SUN,ARIZONA DAILY STAR
THE PRESS-ENTERPRISE,FORT WORTH STAR-TELEGRAM,THE NATION,THE PRESS-ENTERPRISE,VEDOMOSTI,SEATTLE POST-INTELLIGENCER,THE CHRISTIAN SCIENCE MONITOR,NORTHERN TERRITORY NEWS,THE WICHITA EAGLE,THE RIO TIMES,SAN FRANCISCO CHRONICLE
THE STANDARD - HONGKONG,KOMMERSANT,THE PUNCH,THE SAN DIEGO UNION-TRIBUNE,BOSTON.COM,THE CINCINNATI ENQUIRER,TIMES UNION,CHINA DAILY,TODAY,THE SEATTLE TIMES,THE PHILADELPHIA INQUIRER
THE WEEKLY TIMES,MASS LIVE,DAILY MONITOR,THE SIASAT DAILY,CITIZEN,THE KANSAS CITY STAR,YANGTSE EVENING POST,ST. LOUIS POST-DISPATCH,CBS NEW YORK,THE SPOKESMAN-REVIEW,KOMMERSANT
TIMES UNION,NEW YORK DAILY NEWS,NAMIBIAN,THE SUN UK,DETROIT FREE PRESS,THE STATE,ZHONGSHAN DAILY,THE PEOPLE'S DAILY,DAILY EXPRESS,THE WICHITA EAGLE,OTAGO DAILY TIMES
DAILY SUN,ST. PAUL PIONEER PRESS,CHONGQING CHEN BAO,THE SYDNEY MORNING HERALD,HUFFPOST,VANGUARD,DOMINICAN TODAY,THE NATION THAILAND,DAWN,TIMES UNION,SAUDI GAZETTE
KHALEEJ TIMES,THE CHARLOTTE OBSERVER,MANILA BULLETIN,TIMES UNION,NEZAVISIMAYA GAZETA,BBC NEWS,MANILA BULLETIN,NEW ERA,DAYTON DAILY NEWS,DAILY SUN,THE AGE
PERTHNOW,THE DAILY TELEGRAPH AUSTRALIA,THE SUN UK,TORONTO SUN,PORTLAND PRESS HERALD,BOSTON.COM,THE POST AND COURIER,THE STATESMAN,DECCAN CHRONICLE,HARTFORD COURANT,THE KANSAS CITY STAR
THE AGE,THE MERCURY,ABC,USA TODAY,ROMANIA INSIDER,JAMAICA GLEANER,SOWETAN,MANILA BULLETIN,DETROIT FREE PRESS,NATIONAL REVIEW,THE NEW YORK OBSERVER
BBC NEWS,THE MIAMI HERALD,CHINA DAILY,VEDOMOSTI,SEATTLE POST-INTELLIGENCER,LOS ANGELES DAILY NEWS,THE BLADE,EGYPT TODAY,EXPRESS-NEWS,OMAHA WORLD-HERALD,THE SEATTLE TIMES
SAN JOSE MERCURY NEWS,THE MOSCOW TIMES,HAIXIA DUSHI BAO,WASHINGTON TIMES,THE CHARLOTTE OBSERVER,NAMIBIAN,THE DES MOINES REGISTER,STAR TRIBUNE,FORT WORTH STAR-TELEGRAM,THE INDIANAPOLIS STAR,ABC
THE PATRIOT-NEWS,THE NEW INDIAN EXPRESS,THE MIAMI HERALD,WEBMD,THE LOCAL DENMARK,NEW VISION,THE KOREA HERALD,ROMANIA INSIDER,LEXINGTON HERALD-LEADER,THE JAKARTA POST,THE COURIER-JOURNAL
THE STATE,THE PLAIN DEALER,THE NEWS & OBSERVER,WINNIPEG FREE PRESS,THE NEW PAPER,NIGERIAN TRIBUNE,THE STANDARD,THE TRIBUNE,NEW VISION,THE PRESS-ENTERPRISE,ARGUMENTI
INDAILY,THE RECORD,THE PHILADELPHIA INQUIRER,Ok,THE SENTINEL,THE ARIZONA REPUBLIC,TRIBUNE-REVIEW,DAYTON DAILY NEWS,NEW YORK POST,ABC,HERALD SUN
PORTLAND PRESS HERALD,THE STATE,VIETNAM NEWS,,THE WICHITA EAGLE,THE GLOBE AND MAIL,DAILY MONITOR,THE CHARLOTTE OBSERVER,NORTHERN TERRITORY NEWS,ARGUMENTI I FAKTI,NATION
SHANGHAI DAILY,THE SUN UK,YANGTSE EVENING POST,,DECCAN CHRONICLE,THE HERALD,MARCA,THE MERCURY,PITTSBURGH POST-GAZETTE,CITIZEN,NEW YORK DAILY NEWS
THE BLADE,CHINA DAILY,HEBEI DAILY,,KHALEEJ TIMES,THE HINDUSTAN TIMES,MEXICO NEWS DAILY,LE MONDE,PORTLAND PRESS HERALD,DAILY MIRROR,SOUTH FLORIDA SUN-SENTINEL
THE EASTAFRICAN,DETROIT FREE PRESS,MOSKOVSKIY KOMSOMOLETS,,MANILA BULLETIN,THE MOSCOW TIMES,PRAVDA.RU,THE AGE,ROMANIA INSIDER,DELOVOY PETERSBURG,THE NEW ZEALAND HERALD
THE NEW YORK OBSERVER,HAIXIA DUSHI BAO,THE AUSTRALIAN,,NORTHERN TERRITORY NEWS,THE ORANGE COUNTY REGISTER,SHANGHAI DAILY,THE HERALD,SAUDI GAZETTE,DNA - DAILY NEWS & ANALYSIS,THE NEWS & OBSERVER
WINNIPEG FREE PRESS,INDAILY,THE DALLAS MORNING NEWS,,OMAHA WORLD-HERALD,THE STANDARD,ST. PAUL PIONEER PRESS,THE WICHITA EAGLE,SOWETAN,EGYPT TODAY,THE STATE
ANCHORAGE DAILY NEWS,LEADERSHIP NEWSPAPER,THE VANCOUVER SUN,,THE GUARDIAN NIGERIA,THIS DAY,THE PLAIN DEALER,LEADERSHIP NEWSPAPER,TAIYUAN DAILY,LA REPUBBLICA,THE WICHITA EAGLE
OMAHA WORLD-HERALD,MILWAUKEE JOURNAL SENTINEL,ZHONGSHAN DAILY,,THE STANDARD,WINNIPEG FREE PRESS,THE SENTINEL,THE TIMES,THE ADVERTISER,LAS VEGAS REVIEW-JOURNAL,TAMPA BAY TIMES
ST. LOUIS POST-DISPATCH,RICHMOND TIMES-DISPATCH,DAILY SUN,,TIMES UNION,BANGKOK POST,ABC NEWS,PITTSBURGH POST-GAZETTE,THE DAILY MAIL,LEXINGTON HERALD-LEADER,THE MANILA TIMES
THE DAILY TELEGRAPH AUSTRALIA,THE GEELONG ADVERTISER,DOMINICAN TODAY,,ARIZONA DAILY STAR,CHONGQING CHEN BAO,FORT WORTH STAR-TELEGRAM,THE PHILADELPHIA INQUIRER,THE HERALD,PITTSBURGH POST-GAZETTE,THE SPOKESMAN-REVIEW
THE KANSAS CITY STAR,THE KANSAS CITY STAR,NEWSDAY,,EXPRESS-NEWS,CONTRA COSTA TIMES,NATIONAL POST,THE SENTINEL,THE KANSAS CITY STAR,ROSSIYSKAYA GAZETA,JAPAN TODAY
YANGTSE EVENING POST,THE LOCAL SWEDEN,ROMANIA INSIDER,,HERALD SUN,DAILY EXCELSIOR,THE CHARLOTTE OBSERVER,THE HANS INDIA,THE LOCAL SWEDEN,SAUDI GAZETTE,OMAHA WORLD-HERALD
BOSTON.COM,THE ORANGE COUNTY REGISTER,THE NEW PAPER,,RICHMOND TIMES-DISPATCH,DAILY EXPRESS,THE DENVER POST,THE KANSAS CITY STAR,THE NATION,THE BLADE,THE OREGONIAN
CHONGQING CHEN BAO,THE PATRIOT-NEWS,VECHERNAYA MOSKVA,,SAN JOSE MERCURY NEWS,DECCAN HERALD,THE EDGE MARKETS MY,MEXICO NEWS DAILY,THE NATION THAILAND,THE DES MOINES REGISTER,TIMES UNION
DAILY EXPRESS MY,THE SPOKESMAN-REVIEW,ABC NEWS,,SAUDI GAZETTE,DIE ZEIT,TODAY,MOSKOVSKIY KOMSOMOLETS,THE NEWS & OBSERVER,THE HANS INDIA,BILD
LIBERIAN DAILY OBSERVER,THE STATESMAN,DIE ZEIT,,THE BORNEO POST,DOMINICAN TODAY,DAILY EXPRESS,PHILIPPINE STAR,THE PLAIN DEALER,THE LOCAL DENMARK,CHICAGO SUN-TIMES
NEW YORK DAILY NEWS,VIETNAM NEWS,NATION,,THE DES MOINES REGISTER,EGYPT TODAY,DAYTON DAILY NEWS,THE SPOKESMAN-REVIEW,THE PUNCH,THE MORUNG EXPRESS,KHALEEJ TIMES
PHILIPPINE STAR,YANGTSE EVENING POST,RICHMOND TIMES-DISPATCH,,THE EASTAFRICAN,INDEPENDENT ONLINE,TAIYUAN DAILY,THE NEWS & OBSERVER,THE SENTINEL,THE ONION,LIBERIAN DAILY OBSERVER
WASHINGTON TIMES,BUENOS AIRES TIMES,SALT LAKE TRIBUNE,,THE MIAMI HERALD,LEADERSHIP NEWSPAPER,WUXI DAILY,HAIXIA DUSHI BAO,THE STANDARD,THE OREGONIAN,METRO
THE CHARLOTTE OBSERVER,CHICAGO SUN-TIMES,SEATTLE POST-INTELLIGENCER,,THE PUNCH,MINT,EXPRESS-NEWS,OMAHA WORLD-HERALD,THE VANCOUVER SUN,THE SENTINEL,NORTHERN TERRITORY NEWS
THE NEWS & OBSERVER,DAILY MONITOR,SOWETAN,,THE STANDARD - HONGKONG,NEW ERA,KHALEEJ TIMES,THE DAILY TELEGRAPH AUSTRALIA,WINNIPEG FREE PRESS,THE STANDARD - HONGKONG,STATE TIMES
ARAB TIMES,DAYTON DAILY NEWS,THE HERALD,,THE STATE,NEWSDAY,KOMMERSANT,EXPRESS-NEWS,ABC NEWS,TRIBUNE-REVIEW,THE CHARLOTTE OBSERVER
ST. PAUL PIONEER PRESS,DNA - DAILY NEWS & ANALYSIS,THE WEST AUSTRALIAN,,TORONTO SUN,ORLANDO SENTINEL,THE NEW ZEALAND HERALD,DAILY EXCELSIOR,ARGUMENTI,WEBMD,THE DALLAS MORNING NEWS
THE NEW PAPER,KHALEEJ TIMES,TRIBUNE-REVIEW,,TRIBUNE-REVIEW,OTAGO DAILY TIMES,THE STATE,DECCAN CHRONICLE,ARGUMENTI I FAKTI,WINNIPEG FREE PRESS,THE DETROIT NEWS
CHINA DAILY,LOS ANGELES DAILY NEWS,CBS SAN FRANCISCO,,VIETNAM NEWS,RICHMOND TIMES-DISPATCH,EGYPT TODAY,TEHRAN TIMES,CHICAGO SUN-TIMES,DAILY EXCELSIOR,THE NATION THAILAND
DOMINICAN TODAY,MAIL & GUARDIAN ONLINE,LUOYANG DAILY,,WEBMD,SAN JOSE MERCURY NEWS,HUFFPOST,HUNGARY TODAY,CONTRA COSTA TIMES,DAILY EXPRESS MY,TRUD
NEWSDAY,NORTHERN TERRITORY NEWS,MALAY MAIL,,CBS SAN FRANCISCO,SARASOTA HERALD-TRIBUNE,LEADERSHIP NEWSPAPER,MAIL & GUARDIAN ONLINE,DAILY EXCELSIOR,HERALD SUN,WINNIPEG FREE PRESS
SALT LAKE TRIBUNE,ST. LOUIS POST-DISPATCH,THE AGE,,JAPAN TODAY,THE BOGOTA POST,LEXINGTON HERALD-LEADER,MOROCCO WORLD NEWS,DAILY MONITOR,INDEPENDENT ONLINE,CHICAGO TRIBUNE
SAUDI GAZETTE,THE ASTANA TIMES,THE SEATTLE TIMES,,LEXINGTON HERALD-LEADER,THE COURIER-MAIL,THE CINCINNATI ENQUIRER,THE ADVERTISER,DEFENSE NEWS,IZVESTIA,DEFENSE NEWS
THE GUARDIAN NIGERIA,THE ATLANTA JOURNAL-CONSTITUTION,THE SPOKESMAN-REVIEW,,LIBERIAN DAILY OBSERVER,THE EDGE MARKETS MY,THE DETROIT NEWS,THE NEW YORK OBSERVER,HAIXIA DUSHI BAO,LAS VEGAS SUN,EXPRESS-NEWS
THE NEWS TODAY,THE BORNEO POST,THE STANDARD - HONGKONG,,MALAY MAIL,THE GUARDIAN NIGERIA,THE NEWS & OBSERVER,TIMES UNION,HEBEI DAILY,LE FIGARO,MAIL & GUARDIAN ONLINE
THE PHILADELPHIA INQUIRER,THE BUFFALO NEWS,ARIZONA DAILY STAR,,MEXICO NEWS DAILY,THE INDIAN EXPRESS,THE SEATTLE TIMES,ARIZONA DAILY STAR,HIGH POINT ENTERPRISE,LEADERSHIP NEWSPAPER,MALAY MAIL
THE PLAIN DEALER,THE COURIER-JOURNAL,EGYPT TODAY,,MOSKOVSKIY KOMSOMOLETS,THE LOCAL SWEDEN,HERALD SUN,THE CHRISTIAN SCIENCE MONITOR,HUNGARY TODAY,MANILA BULLETIN,NAMIBIAN
AUSTIN AMERICAN-STATESMAN,THE COURIER-MAIL,IZVESTIA,,NAMIBIAN,THE MORUNG EXPRESS,NEW VISION,CBS NEW YORK,KOMMERSANT,MIAMI TODAY,NATIONAL POST
HAIXIA DUSHI BAO,THE DETROIT NEWS,LEXINGTON HERALD-LEADER,,NEWSDAY,THE NATION THAILAND,NEZAVISIMAYA GAZETA,THE COURIER-MAIL,LAS VEGAS REVIEW-JOURNAL,SALT LAKE TRIBUNE,SEATTLE POST-INTELLIGENCER
MAIL & GUARDIAN ONLINE,THE EXAMINER,NEW ERA,,PHILIPPINE STAR,THE NEW YORK OBSERVER,THE PRESS-ENTERPRISE,THE LOCAL SWEDEN,LIBERIAN DAILY OBSERVER,SEATTLE POST-INTELLIGENCER,THE ADVERTISER
THE BALTIMORE SUN,THE LOCAL SWITZERLAND,THE ADVOCATE,,TAIYUAN DAILY,THE NEW ZEALAND HERALD,THE TENNESSEAN,THE STATE,MANILA BULLETIN,SOWETAN,THE GEELONG ADVERTISER
THE MORUNG EXPRESS,THE MORUNG EXPRESS,THE BLADE,,THE ADVERTISER,THE ONION,THE WICHITA EAGLE,CALGARY HERALD,MMEGI,SUN STAR,DOMINICAN TODAY
THE WICHITA EAGLE,THE NATION,THE COURIER-JOURNAL,,THE LOCAL SWITZERLAND,THE PALM BEACH POST,TOTAL CROATIA NEWS,DIE ZEIT,MOSKOVSKIY KOMSOMOLETS,THE AGE,MANILA BULLETIN
DAYTON DAILY NEWS,THE PRESS-ENTERPRISE,THE EXAMINER,,THE PATRIOT-NEWS,THE PRESS-ENTERPRISE,BEIJING DAILY,SAN JOSE MERCURY NEWS,NATIONAL POST,THE BORNEO POST,MEXICO NEWS DAILY
DECCAN CHRONICLE,THE SENTINEL,THE PATRIOT-NEWS,,ARAB TIMES,THE TIMES,CBS SAN FRANCISCO,THE PIONEER,NEW ERA,THE DAILY MAIL,PITTSBURGH POST-GAZETTE
SEATTLE POST-INTELLIGENCER,THE STANDARD - HONGKONG,ARGUMENTI I FAKTI,,BILD,,NEW ZIMBABWE,VECHERNAYA MOSKVA,NEZAVISIMAYA GAZETA,THE DETROIT NEWS,STAR TRIBUNE
THE ARIZONA REPUBLIC,THE TRIBUNE,BOSTON.COM,,CONTRA COSTA TIMES,,THE ADVOCATE,THE DETROIT NEWS,ORLANDO SENTINEL,THE EASTAFRICAN,THE ARIZONA REPUBLIC
THE DES MOINES REGISTER,WEBMD,DETROIT FREE PRESS,,EGYPT TODAY,,THE COLUMBUS DISPATCH,THE POST AND COURIER,OTTAWA CITIZEN,THE EDGE MARKETS MY,THE BORNEO POST
THE INDIANAPOLIS STAR,ZHONGSHAN DAILY,HUFFPOST,,LEADERSHIP NEWSPAPER,,AUSTIN AMERICAN-STATESMAN,WINNIPEG FREE PRESS,PATTAYA MAIL,THE GUARDIAN NIGERIA,THE MERCURY
THE RIO TIMES,ABC NEWS,LOS ANGELES DAILY NEWS,,TEHRAN TIMES,,DELOVOY PETERSBURG,DIE WELT,RADIO PRAGUE INTERNATIONAL,THE HERALD,THE NEW PAPER
THE TIMES,CBS NEW YORK,STATE TIMES,,THE BALTIMORE SUN,,MOROCCO WORLD NEWS,MALAY MAIL,ROSSIYSKAYA GAZETA,THE HINDU,ANCHORAGE DAILY NEWS
CITIZEN,CONTRA COSTA TIMES,THE ARIZONA REPUBLIC,,THE MORUNG EXPRESS,,OTTAWA CITIZEN,THE RIO TIMES,SALT LAKE TRIBUNE,THE HINDUSTAN TIMES,CHONGQING CHEN BAO
DAILY MIRROR,DAILY SUN,THE BUFFALO NEWS,,THE NATION THAILAND,,RICHMOND TIMES-DISPATCH,LE FIGARO,SHANGHAI DAILY,THE HOLLYWOOD REPORTER,DELOVOY PETERSBURG
DIE ZEIT,DECCAN CHRONICLE,THE MANILA TIMES,,THE NEWS TODAY,,THE HERALD,THE GEELONG ADVERTISER,SOUTH FLORIDA SUN-SENTINEL,THE INTERCEPT - FIRST LOOK MEDIA,PHILIPPINE STAR
NATIONAL POST,EGYPT TODAY,THE PRESS-ENTERPRISE,,THE THAIGER,,THE PALM BEACH POST,BEIJING DAILY,ST. PAUL PIONEER PRESS,THE KANSAS CITY STAR,SUN STAR
POLITICO,EXPRESS-NEWS,WUXI DAILY,,YANGTSE EVENING POST,,BANGKOK POST,DETROIT FREE PRESS,SUN STAR,THE KOREA HERALD,THE ADVOCATE
THE COLUMBUS DISPATCH,HERALD SUN,OMAHA WORLD-HERALD,,BOSTON HERALD,,CHINA DAILY,LEXINGTON HERALD-LEADER,THE ASIAN AGE,THE MERCURY,THE DENVER POST
THE MERCURY,JAPAN TODAY,ROSSIYSKAYA GAZETA,,DAILY MIRROR,,CITIZEN,NATIONAL POST,THE ASTANA TIMES,THE NEW PAPER,THE NEWS TODAY
THE ORANGE COUNTY REGISTER,LAS VEGAS SUN,ST. LOUIS POST-DISPATCH,,DAILY MONITOR,,KYIV POST,PATTAYA MAIL,THE BALTIMORE SUN,THE STANDARD,THE SUN UK
VECHERNAYA MOSKVA,MANILA BULLETIN,THE ADVERTISER,,DOMINICAN TODAY,,THE BALTIMORE SUN,THE TENNESSEAN,THE BORNEO POST,THE TELEGRAPH,TRIBUNE-REVIEW
VIETNAM NEWS,NAMIBIAN,THE WICHITA EAGLE,,HEBEI DAILY,,THE BUFFALO NEWS,YANGTSE EVENING POST,THE COLUMBUS DISPATCH,VANGUARD,YANGTSE EVENING POST
DAILY TRUST,PHILIPPINE STAR,FOX NEWS,,KYIV POST,,THE MANILA TIMES,KOMMERSANT,THE DAILY TELEGRAPH AUSTRALIA,Ok,BEIJING DAILY
LE FIGARO,QINGDAO NEWS,HUNGARY TODAY,,LAS VEGAS REVIEW-JOURNAL,,THE SYDNEY MORNING HERALD,MASS LIVE,THE GUARDIAN NIGERIA,,BOSTON.COM
MMEGI,ROMANIA INSIDER,KHALEEJ TIMES,,NATIONAL POST,,DETROIT FREE PRESS,NATIONAL REVIEW,THE HANS INDIA,,FORT WORTH STAR-TELEGRAM
NATION,SALT LAKE TRIBUNE,LEADERSHIP NEWSPAPER,,OTTAWA CITIZEN,,HARTFORD COURANT,THE CINCINNATI ENQUIRER,THE HINDUSTAN TIMES,,INDAILY
NATIONAL REVIEW,SAN JOSE MERCURY NEWS,LIBERIAN DAILY OBSERVER,,SALT LAKE TRIBUNE,,METRO,THE VANCOUVER SUN,THE HOLLYWOOD REPORTER,,NEW ERA
SOUTH FLORIDA SUN-SENTINEL,SEATTLE POST-INTELLIGENCER,OTTAWA CITIZEN,,ST. PAUL PIONEER PRESS,,MILWAUKEE JOURNAL SENTINEL,TRIBUNE-REVIEW,THE MIAMI HERALD,,ORLANDO SENTINEL
TEHRAN TIMES,SPORT EXPRESS,SOUTH FLORIDA SUN-SENTINEL,,THE BUFFALO NEWS,,PANAY NEWS,VIETNAM NEWS,THE PRESS-ENTERPRISE,,SALT LAKE TRIBUNE
THE ADVOCATE,THE ADVERTISER,TAIYUAN DAILY,,THE COLUMBUS DISPATCH,,QINGDAO NEWS,BANGOR DAILY NEWS,THE RIO TIMES,,TAIYUAN DAILY
THE EXAMINER,THE ARIZONA REPUBLIC,THE CHARLOTTE OBSERVER,,THE INTERCEPT - FIRST LOOK MEDIA,,SOUTH FLORIDA SUN-SENTINEL,BOSTON HERALD,THE SACRAMENTO BEE,,THE BUFFALO NEWS
THE HOLLYWOOD REPORTER,THE COLUMBUS DISPATCH,THE COLUMBUS DISPATCH,,THE NATION,,SPORT EXPRESS,LAS VEGAS SUN,THE SPOKESMAN-REVIEW,,THE COURIER-MAIL
THE SEATTLE TIMES,THE EASTAFRICAN,THE PLAIN DEALER,,THE NEW YORK OBSERVER,,TEHRAN TIMES,ST. PAUL PIONEER PRESS,THE STATE,,THE ORANGE COUNTY REGISTER
ABC NEWS,THE HANS INDIA,THE RECORD,,THE POST AND COURIER,,THE BORNEO POST,THE LOCAL DENMARK,THE TRIBUNE,,THE PATRIOT-NEWS
CALGARY HERALD,THE INDIANAPOLIS STAR,BANGOR DAILY NEWS,,THE PRESS-ENTERPRISE,,THE LOCAL SWEDEN,THE PATRIOT-NEWS,TORONTO SUN,,THE PEOPLE'S DAILY
EXPRESS-NEWS,THE NEWS TODAY,BILD,,ARGUMENTI I FAKTI,,THE MORUNG EXPRESS,THE PLAIN DEALER,VIETNAM NEWS,,THE POST AND COURIER
ROMANIA INSIDER,THE PIONEER,CONTRA COSTA TIMES,,AUSTIN AMERICAN-STATESMAN,,THE NEW TIMES,NEWSDAY,YANGTSE EVENING POST,,WUXI DAILY
CONTRA COSTA TIMES,THE TELEGRAPH,DAILY MIRROR,,BUENOS AIRES TIMES,,THE NEWS TODAY,THE DAILY MAIL,ZHONGSHAN DAILY,,BANGOR DAILY NEWS
FORT WORTH STAR-TELEGRAM,TIMES UNION,KOMMERSANT,,FORT WORTH STAR-TELEGRAM,,BANGOR DAILY NEWS,DAILY TRUST,Ok,,CALGARY HERALD
HEBEI DAILY,VANGUARD,MOROCCO WORLD NEWS,,FOX NEWS,,DAILY MIRROR,NATION,,,DAILY TRUST
KYIV POST,VECHERNAYA MOSKVA,NEW ZIMBABWE,,HARTFORD COURANT,,IZVESTIA,ORLANDO SENTINEL,,,HEBEI DAILY
MEXICO NEWS DAILY,ARGUMENTI I FAKTI,PANAY NEWS,,LOS ANGELES DAILY NEWS,,JAPAN TODAY,ROSSIYSKAYA GAZETA,,,HUFFPOST
THE LOCAL SWEDEN,AUSTIN AMERICAN-STATESMAN,PERTHNOW,,NEW ERA,,NEW ERA,THE COURIER-JOURNAL,,,MMEGI
THE PALM BEACH POST,BANGOR DAILY NEWS,PORTLAND PRESS HERALD,,NIGERIAN TRIBUNE,,PERTHNOW,TORONTO SUN,,,RICHMOND TIMES-DISPATCH
THE VANCOUVER SUN,BEIJING DAILY,SAN JOSE MERCURY NEWS,,SARASOTA HERALD-TRIBUNE,,SARASOTA HERALD-TRIBUNE,LOS ANGELES DAILY NEWS,,,ROMANIA INSIDER
TRIBUNE-REVIEW,CITIZEN,THE BALTIMORE SUN,,THE ADVOCATE,,THE DAILY TELEGRAPH AUSTRALIA,THE WEEKLY TIMES,,,THE BLADE
BOSTON HERALD,DAILY EXCELSIOR,THE COURIER-MAIL,,THE ARIZONA REPUBLIC,,THE NATION THAILAND,THE NEWS TODAY,,,THE DAILY TELEGRAPH AUSTRALIA
DIE WELT,DOMINICAN TODAY,THE DES MOINES REGISTER,,THE COURIER-JOURNAL,,THE THAIGER,ABC,,,THE INDIANAPOLIS STAR
HARTFORD COURANT,FOX NEWS,THE GEELONG ADVERTISER,,THE INDIANAPOLIS STAR,,THE WEST AUSTRALIAN,BUENOS AIRES TIMES,,,THE PLAIN DEALER
PRAVDA.RU,HARTFORD COURANT,EXPRESS-NEWS,,THE KANSAS CITY STAR,,WEBMD,RICHMOND TIMES-DISPATCH,,,BOSTON HERALD
SARASOTA HERALD-TRIBUNE,HUFFPOST,FORT WORTH STAR-TELEGRAM,,THE LOCAL NORWAY,,ARGUMENTI,SOUTH FLORIDA SUN-SENTINEL,,,DAILY EXPRESS MY
SOWETAN,LIAONING DAILY,NEZAVISIMAYA GAZETA,,THE MANILA TIMES,,LAS VEGAS SUN,THE LOCAL SWITZERLAND,,,LAS VEGAS REVIEW-JOURNAL
TAIYUAN DAILY,MALAY MAIL,THE DETROIT NEWS,,THE SPOKESMAN-REVIEW,,NATION,THE MORUNG EXPRESS,,,MILWAUKEE JOURNAL SENTINEL
THE DETROIT NEWS,NATIONAL POST,MILWAUKEE JOURNAL SENTINEL,,VANGUARD,,PORTLAND PRESS HERALD,CBS SAN FRANCISCO,,,MOROCCO WORLD NEWS
THE LOCAL SWITZERLAND,NEW ZIMBABWE,PRAVDA.RU,,WORLD HEALTH ORGANIZATION,,THE COURIER-MAIL,MILWAUKEE JOURNAL SENTINEL,,,OTTAWA CITIZEN
THE SPOKESMAN-REVIEW,ORLANDO SENTINEL,SARASOTA HERALD-TRIBUNE,,BEIJING DAILY,,THE RECORD,SARASOTA HERALD-TRIBUNE,,,POLSKIE RADIO
THE THAIGER,PANAY NEWS,SAUDI GAZETTE,,CHONGQING CHEN BAO,,TRUD,ARGUMENTI I FAKTI,,,SAN JOSE MERCURY NEWS
TOTAL CROATIA NEWS,PRAVDA.RU,THE CINCINNATI ENQUIRER,,DAILY SUN,,CONTRA COSTA TIMES,INDAILY,,,THE CINCINNATI ENQUIRER
ARGUMENTI I FAKTI,ROSSIYSKAYA GAZETA,THE LOCAL NORWAY,,DAYTON DAILY NEWS,,DAILY TRUST,MIAMI TODAY,,,THE DAILY MAIL
BILD,SHAANXI DAILY,THE LOCAL SWITZERLAND,,HUNGARY TODAY,,LIBERIAN DAILY OBSERVER,THE BLADE,,,THE HOLLYWOOD REPORTER
HIGH POINT ENTERPRISE,SUN STAR,THE ORANGE COUNTY REGISTER,,KOMMERSANT,,OTAGO DAILY TIMES,THE DES MOINES REGISTER,,,THE LOCAL DENMARK
MILWAUKEE JOURNAL SENTINEL,THE ASIAN AGE,THE TENNESSEAN,,LAS VEGAS SUN,,SAUDI GAZETTE,THE PALM BEACH POST,,,THE LOCAL SWITZERLAND
OTTAWA CITIZEN,THE BOGOTA POST,AUSTIN AMERICAN-STATESMAN,,MOROCCO WORLD NEWS,,STATE TIMES,AUSTIN AMERICAN-STATESMAN,,,BUENOS AIRES TIMES
PATTAYA MAIL,THE BRAZILIAN REPORT,BEIJING DAILY,,ORLANDO SENTINEL,,THE CANBERRA TIMES,BILD,,,DAYTON DAILY NEWS
THE ASTANA TIMES,THE DAILY MAIL,CALGARY HERALD,,PATTAYA MAIL,,THE DAILY TELEGRAPH UK,HUFFPOST,,,DETROIT FREE PRESS
THE DAILY MAIL,THE GUARDIAN NIGERIA,CBS NEW YORK,,RADIO PRAGUE INTERNATIONAL,,THE EASTAFRICAN,THE LOCAL NORWAY,,,HARTFORD COURANT
THE MANILA TIMES,THE HOLLYWOOD REPORTER,INDAILY,,SOUTH FLORIDA SUN-SENTINEL,,THE INDIANAPOLIS STAR,HARTFORD COURANT,,,HUNGARY TODAY
BEIJING DAILY,THE INTERCEPT - FIRST LOOK MEDIA,NATIONAL REVIEW,,SUN STAR,,THE MOSCOW TIMES,THE MANILA TIMES,,,LAS VEGAS SUN
CBS SAN FRANCISCO,THE NEW YORK OBSERVER,NORTHERN TERRITORY NEWS,,THE ASTANA TIMES,,THE SPOKESMAN-REVIEW,HEBEI DAILY,,,LOS ANGELES DAILY NEWS
CHICAGO SUN-TIMES,THE RIO TIMES,THE DAILY MAIL,,THE BLADE,,DAILY EXPRESS MY,THE BUFFALO NEWS,,,MASS LIVE
DETROIT FREE PRESS,TRUD,THE INDIANAPOLIS STAR,,THE HOLLYWOOD REPORTER,,LIAONING DAILY,THE EXAMINER,,,NEWSDAY
HUFFPOST,VENEZUELANALYSIS,THE LOCAL DENMARK,,THE ONION,,PATTAYA MAIL,THE INDIANAPOLIS STAR,,,THE BALTIMORE SUN
JAPAN TODAY,WORLD HEALTH ORGANIZATION,DELOVOY PETERSBURG,,THE RECORD,,ROMANIA INSIDER,THE PRESS-ENTERPRISE,,,THE LOCAL SWEDEN
NEZAVISIMAYA GAZETA,WUXI DAILY,LAS VEGAS REVIEW-JOURNAL,,TRUD,,SHAANXI DAILY,THE RECORD,,,THE PRESS-ENTERPRISE
PANAY NEWS,Ok,LAS VEGAS SUN,,ZHONGSHAN DAILY,,THE ADVERTISER,DELOVOY PETERSBURG,,,THE WEEKLY TIMES
THE CINCINNATI ENQUIRER,,NATIONAL POST,,CBS DC,,THE LOCAL SWITZERLAND,LIBERIAN DAILY OBSERVER,,,ZHONGSHAN DAILY
THE RECORD,,ORLANDO SENTINEL,,DAILY TRUST,,THE ONION,TAIYUAN DAILY,,,AUSTIN AMERICAN-STATESMAN
TRUD,,RADIO PRAGUE INTERNATIONAL,,DEFENSE NEWS,,THE RIO TIMES,THE ORANGE COUNTY REGISTER,,,DAILY MIRROR
VEDOMOSTI,,SHAANXI DAILY,,HAIXIA DUSHI BAO,,THE AGE,MARCA,,,MANILA STANDARD
WEBMD,,THE BRAZILIAN REPORT,,HIGH POINT ENTERPRISE,,THE COURIER-JOURNAL,PANAY NEWS,,,PANAY NEWS
WUXI DAILY,,THE KANSAS CITY STAR,,IZVESTIA,,THE EXAMINER,PRAVDA.RU,,,ST. PAUL PIONEER PRESS
BUENOS AIRES TIMES,,THE LOCAL SWEDEN,,LIAONING DAILY,,THE GEELONG ADVERTISER,THE HOLLYWOOD REPORTER,,,THE DES MOINES REGISTER
HUNGARY TODAY,,THE NEW YORK OBSERVER,,LUOYANG DAILY,,THE LOCAL DENMARK,WEBMD,,,THE EXAMINER
LOS ANGELES DAILY NEWS,,THE RIO TIMES,,MIAMI TODAY,,BUENOS AIRES TIMES,PORTLAND PRESS HERALD,,,THE VANCOUVER SUN
MALAY MAIL,,THE WEEKLY TIMES,,MILWAUKEE JOURNAL SENTINEL,,MALAY MAIL,THE BALTIMORE SUN,,,CONTRA COSTA TIMES
MARCA,,WINNIPEG FREE PRESS,,MMEGI,,MIAMI TODAY,WUXI DAILY,,,HAIXIA DUSHI BAO
QINGDAO NEWS,,DAILY TRUST,,NATION,,MMEGI,IZVESTIA,,,PORTLAND PRESS HERALD
RADIO PRAGUE INTERNATIONAL,,DAYTON DAILY NEWS,,NEW ZIMBABWE,,NORTHERN TERRITORY NEWS,THE BOGOTA POST,,,RADIO PRAGUE INTERNATIONAL
THE BOGOTA POST,,HARTFORD COURANT,,PANAY NEWS,,RADIO PRAGUE INTERNATIONAL,THE COLUMBUS DISPATCH,,,SARASOTA HERALD-TRIBUNE
THE INTERCEPT - FIRST LOOK MEDIA,,MARCA,,POLSKIE RADIO,,THE AUSTRALIAN,CONTRA COSTA TIMES,,,SPORT EXPRESS
THE LOCAL DENMARK,,TOTAL CROATIA NEWS,,PRAVDA.RU,,THE MERCURY,DEFENSE NEWS,,,THE ASTANA TIMES
WORLD HEALTH ORGANIZATION,,TRUD,,ROSSIYSKAYA GAZETA,,THE STANDARD - HONGKONG,TRUD,,,THE BOGOTA POST
ARGUMENTI,,CBS TAMPA,,SOWETAN,,VIETNAM NEWS,THE ONION,,,THE BRAZILIAN REPORT
CBS NEW YORK,,JAPAN TODAY,,THE DAILY MAIL,,CBS TAMPA,CBS DC,,,THE COLUMBUS DISPATCH
DEFENSE NEWS,,KYIV POST,,THE PALM BEACH POST,,HIGH POINT ENTERPRISE,OTTAWA CITIZEN,,,THE ONION
IZVESTIA,,LIAONING DAILY,,THE PLAIN DEALER,,LUOYANG DAILY,SALT LAKE TRIBUNE,,,THE PALM BEACH POST
MANILA STANDARD,,MASS LIVE,,VENEZUELANALYSIS,,NAMIBIAN,ZHONGSHAN DAILY,,,THE RECORD
MIAMI TODAY,,MIAMI TODAY,,Ok,,SALT LAKE TRIBUNE,MANILA STANDARD,,,THE TENNESSEAN
ROSSIYSKAYA GAZETA,,SPORT EXPRESS,,,,THE BRAZILIAN REPORT,THE ASTANA TIMES,,,THE THAIGER
THE GISBORNE HERALD,,THE ASTANA TIMES,,,,THE INTERCEPT - FIRST LOOK MEDIA,THE BRAZILIAN REPORT,,,VIETNAM NEWS
THE LOCAL NORWAY,,THE GISBORNE HERALD,,,,THE LOCAL NORWAY,ARGUMENTI,,,Ok
THE MOSCOW TIMES,,THE ONION,,,,THE WEEKLY TIMES,CBS TAMPA,,,
THE ONION,,THE PALM BEACH POST,,,,,DAILY NEWS,,,
Ok,,TORONTO SUN,,,,,NEZAVISIMAYA GAZETA,,,
,,,,,,,THE INTERCEPT - FIRST LOOK MEDIA,,,
,,,,,,,MMEGI,,,
,,,,,,,RADIO PRAGUE INTERNATIONAL,,,
,,,,,,,SHAANXI DAILY,,,
,,,,,,,STATE TIMES,,,
,,,,,,,LIAONING DAILY,,,
,,,,,,,QINGDAO NEWS,,,
,,,,,,,SPORT EXPRESS,,,
,,,,,,,THE SANTIAGO TIMES,,,
,,,,,,,VENEZUELANALYSIS,,,
,,,,,,,Ok,,,